Apelido,Username,Data/Hora,Respondendo,Texto,link_img,Comentarios,Retweets,Likes
Elizandra Silva,@Elizand84274459,2021-01-19T03:32:11.000Z,"Em resposta a 
@CarlaZambelli38
 e 
@fiocruz","A verdadeira vacina Ã± vejo a hora 
#QueroBolsonaroAte2026",https://abs-0.twimg.com/emoji/v2/svg/1f64c.svg,,,
Yuri,@eeeitadiacho,2021-01-19T03:32:10.000Z,"para ouvir na fila da vacina, incluindo os sucessos ""Aquecimento do Bota"", ""Bota tudÃ£o"" e ""Se vocÃª quer, tome""","Citar Tweet
cecÃ­lia da abnt
@_ceciIia
 Â· 17 de jan
Nessa prÃ© e na pÃ³s vacina eu vou viver nessa playlist
https://open.spotify.com/playlist/0aU8CX5a6sFodGRGRrUhuN?si=AAAcvQg4Qtyv2xQQqGtR5wâ€¦",https://pbs.twimg.com/profile_images/1348105867258945540/nECDqXrZ_mini.jpg,,,
Nath,@natharouche_,2021-01-19T03:32:05.000Z,eu tÃ´ sÃ³ a Vera Holtz esperando liverar a vacina na minha cidade #vacina,,https://pbs.twimg.com/media/EsEJg4YXUAMWn3G?format=jpg&name=small,,,
RepÃ³rter Nordeste,@report_nordeste,2021-01-19T03:32:01.000Z,Como serÃ¡ a distribuiÃ§Ã£o da vacina em Alagoas?,"Como serÃ¡ a distribuiÃ§Ã£o da vacina em Alagoas?
Da AgÃªncia Alagoas O governador Renan Filho garantiu, na tarde desta segunda-feira (18), que as vacinas contra a Covid-19 serÃ£o distribuÃ­das de maneira equÃ¢nime aos municÃ­pios alagoanos, levando em...
reporternordeste.com.br",https://pbs.twimg.com/card_img/1351371792565346305/u0YTY5Pf?format=jpg&name=small,,,
Chega de dar palco a maluco!,@Cfranci59840708,2021-01-19T03:31:59.000Z,"@camaradeputados
 @SenadoFederal
 @STF_oficial
  @cartacapital
 @luisnassif
 acessem este perfil e tomem conhecimento do desastre que se prenuncia. NÃ£o esqueÃ§am: a imunizaÃ§Ã£o da vacina nÃ£o Ã© imediata, nem longa. Todos estamos em perigo. ATITUDE, senhores!","Citar Tweet
Brasil Fede Covid
@brasilfedecovid
 Â· 4 h
Direto de Bauru (SP), mais uma festa contagiante 
 @une.bar (perfil do Instagram) estreando aqui.",https://pbs.twimg.com/profile_images/1347562171929137159/oaKK0luL_mini.jpg,,,
Edilson Laurentino,@sonlaurentino,2021-01-19T03:31:56.000Z,"O MINISTRO DA SAÃšDE BRASILEIRO CONTINUA MENTINDO SOBRE OS PRAZOS!
Vacina da Ãndia: â€˜HÃ¡ possibilidade do Brasil ficar no fim da filaâ€™, alerta especialista: https://br.sputniknews.com/opiniao/2021011916801598-vacina-da-india-ha-possibilidade-do-brasil-ficar-no-fim-da-fila-alerta-especialista/?utm_source=push&utm_medium=browser_notification&utm_campaign=sputnik_brâ€¦ via 
@sputnik_brasil","Vacina da Ãndia: â€˜HÃ¡ possibilidade do Brasil ficar no fim da filaâ€™, alerta especialista
Apesar de declaraÃ§Ãµes otimistas do governo, o Brasil pode ""ficar no fim da fila"" para receber as doses da vacina de Oxford produzida no laboratÃ³rio Serum, na Ãndia...
br.sputniknews.com",https://pbs.twimg.com/card_img/1351370440279805955/J7jH2M9C?format=jpg&name=small,,,
Carla: ANTIComunismo/ANTISocialismo,@CarlaZiva,2021-01-19T03:31:53.000Z,"@jdoriajr
 em Miami fazendo compras em loja chique  /  
@jdoriajr
  vendendo vacina chinesa em SÃ£o Paulo 

Ã‰ no mÃ­nimo NOJENTO!

#QueroBolsonaroAte2026 p continuar expondo o esgoto da hipocrisia desses vermes.","Citar Tweet
Carlos Jordy
@carlosjordy
 Â· 49 min
2:12
Quando vocÃª pensa que nÃ£o tem como alguÃ©m ser mais sujo do que jÃ¡ foram usando politicamente a pandemia, o Doria cria todo um teatro para se promover Ã s custas da vacina. Lugar garantido no inferno!",https://pbs.twimg.com/media/EsEJdvcXIAAcfzh?format=jpg&name=small,,,
Luiz Duzac,@duzac_luiz,2021-01-19T03:31:36.000Z,"Em resposta a 
@Rconstantino",O gado pira com a vacina!!! Vai toma cloroquina,https://abs-0.twimg.com/emoji/v2/svg/1f402.svg,,,
Qvs_sara,@QvsSara,2021-01-19T03:31:36.000Z,Toma essa vacina de uma vez meu,"Citar Tweet
Sport Club Internacional
@SCInternacional
 Â· 17 de jan
SÃ³ faltou vocÃªs aqui! ÃŠ saudade! 
Mostrar esta sequÃªncia
GIF",https://pbs.twimg.com/profile_images/1322914338928295939/AjWeFbXm_mini.jpg,,,
elson farias,@elsonfarias,2021-01-19T03:31:32.000Z,"Deu pra ti, SARS-CoV-2
Vamos pra vacina, tchau","Citar Tweet
CiÃªncia USP
@cienciausp
 Â· 4 h
Dia 21 divulgadores de ciÃªncia, artistas, personalidades e projetos se unem em uma grande rede pela vacinaÃ§Ã£o!

Junte-se tambÃ©m a @obscovid19br @analise_covid19
@UPVacina@projecthalo @ABRASCO @BlogsUnicamp  entre outros!

Saiba mais: http://bit.ly/38TH3JU

#TodosPelasVacinas",https://pbs.twimg.com/profile_images/1257328707519332352/1KugN6ML_mini.jpg,,,
Juan Castro,@juancastroos,2021-01-19T03:31:26.000Z,"Em resposta a 
@canalfutura","Chegando para tomar a vacina, 
@butantanoficial
 ",https://abs-0.twimg.com/emoji/v2/svg/1f49a.svg,,,
~ TheMaktub,@Annaquissak,2021-01-19T03:31:25.000Z,"Em resposta a 
@marsx
 @CUBESoficial
 e 
@RiotGamesBrasil","Aaaaa jÃ¡ podemos marcar sessÃ£o de anime num sextou pÃ³s vacina? Obrigadaaaaa pelo cadinho, vocÃªs sÃ£o topzera demais ",https://abs-0.twimg.com/emoji/v2/svg/2665.svg,,,
PaulÃ£o Show,@PAULOZ15,2021-01-19T03:31:25.000Z,"Auto escola:
check
Vacina:
loading
Namorada: 404_error<0730763>NSArrayM.jpg","Citar Tweet
pğ˜¶tğ˜¢sğ˜´o
@tallesfont
 Â· 5 h
Metas para 2021:
Mostrar esta sequÃªncia",https://pbs.twimg.com/profile_images/1351361636922241028/qV47IFfl_mini.jpg,,,
Chega de dar palco a maluco!,@Cfranci59840708,2021-01-19T03:31:24.000Z,"@camaradeputados
 @SenadoFederal
 @STF_oficial
  @cartacapital
 @luisnassif
 acessem este perfil e tomem conhecimento do desastre que se prenuncia. NÃ£o esqueÃ§am: a imunizaÃ§Ã£o da vacina nÃ£o Ã© imediata, nem longa. Todos estamos em perigo. ATITUDE, senhores!","Citar Tweet
Brasil Fede Covid
@brasilfedecovid
 Â· 1 h
Isso que nÃ³s chamamos de desserviÃ§o social. Vivemos em uma democracia, mas esse tipo de comentÃ¡rio Ã© tÃ£o, mas tÃ£o chocante. O Brasil e seus influenciadores...",https://pbs.twimg.com/profile_images/1347562171929137159/oaKK0luL_mini.jpg,,,
"ThaÃ­s
VACINA JÃ!",@thageodestinos,2021-01-19T03:31:18.000Z,"Em resposta a 
@HaddadDebochado",Imagino os grupos do Zap ,https://abs-0.twimg.com/emoji/v2/svg/1f630.svg,,,
Roberta S Brasil,@robetchu,2021-01-19T03:31:15.000Z,Que jacarÃ© vc serÃ¡ depois que tomar a vacina?,,https://pbs.twimg.com/media/EsEJUkjVEAAMe2s?format=jpg&name=medium,,,
preguiÃ§a,@asousadnz,2021-01-19T03:30:59.000Z,A vacina tÃ¡ sendo monitorada q nem a berlinda no cirio,"Citar Tweet
Helder Barbalho
@helderbarbalho
 Â· 1 h
Pessoal, este Ã© o momento mais esperado. Nossas vacinas contra a Covid-19 chegando. #BoraVacinar",https://pbs.twimg.com/profile_images/1341503923551674368/OL_3sd0c_mini.jpg,,,
Chega de dar palco a maluco!,@Cfranci59840708,2021-01-19T03:30:49.000Z,"@camaradeputados
 @SenadoFederal
 @STF_oficial
  @cartacapital
 @luisnassif
 acessem este perfil e tomem conhecimento do desastre que se prenuncia. NÃ£o esqueÃ§am: a imunizaÃ§Ã£o da vacina nÃ£o Ã© imediata, nem longa. Todos estamos em perigo. ATITUDE, senhores!","Citar Tweet
Brasil Fede Covid
@brasilfedecovid
 Â· 25 min
A festa de segunda no Clube de Pesca de VitÃ³ria (ES) continua com tudo. Segundo os moradores da regiÃ£o, a cidade estÃ¡ tomada por eventos lotados.",https://pbs.twimg.com/profile_images/1347562171929137159/oaKK0luL_mini.jpg,,,
solange,@solanbatista,2021-01-19T03:30:48.000Z,Pq serÃ¡ essa nova narrativa para as pessoas serem obrigada a tomar vacina #QueroBolsonaroAte2026,"Citar Tweet
Ã‰poca
@RevistaEpoca
 Â· 10 h
Maior defensor da cloroquina, mÃ©dico francÃªs admite pela primeira vez que medicamento nÃ£o reduz mortes https://epoca.globo.com/sociedade/maior-defensor-da-cloroquina-medico-frances-admite-pela-primeira-vez-que-medicamento-nao-reduz-mortes-24843829?%3Futm_source=twitter&utm_medium=social&utm_campaign=postâ€¦",https://pbs.twimg.com/profile_images/1096134064447344641/4JHkyIMy_mini.png,,,
Baby Shark,@Justino_math,2021-01-19T03:30:35.000Z,Eu e meus brother indo tomar vacina akakakakakakak,"Citar Tweet
takaki '^
@vxtakaki
 Â· 17 de jan
eu e os de verdade indo no postinho tomar a vacina
Mostrar esta sequÃªncia",https://pbs.twimg.com/profile_images/1342892254642511873/kjiv2X8G_mini.jpg,,,1
Bel,@BelCDuarte,2021-01-19T03:30:22.000Z,"Em resposta a 
@restersolaire","VÃ£o demorar a bater panela outra vez... qdo se derem conta q continuam sem vacina, daqui a alguns meses. Por outro lado, lembra como tava a disposiÃ§Ã£o pra luta antes da pandemia 
? entÃ£o acho q Ã© isso aÃ­ mesmo",https://abs-0.twimg.com/emoji/v2/svg/1f971.svg,,,1
m&m,@marinuela_,2021-01-19T03:30:20.000Z,boravÃª essas vacina q chegaram aqui rui costa,"Citar Tweet
@gaynoia
 Â· 10 h
isso ai quero corrida da vacinaÃ§Ã£o  qro competiÃ§Ã£o pra ver qual estado vai vacinar mais gente em menos tempo  rinha de governadores
Mostrar esta sequÃªncia",https://pbs.twimg.com/profile_images/1341827574251589632/qGJjTlG2_mini.jpg,,,
SANDRO MENDONCA JACCOUD,@JaccoudSandro,2021-01-19T03:30:19.000Z,Trabalhador que se recusar a tomar vacina ou usar mÃ¡scara pode ser demitido por justa causa,"Trabalhador que se recusar a tomar vacina ou usar mÃ¡scara pode ser demitido por justa causa
Trabalhador que se recusar a tomar vacina ou usar mÃ¡scara pode ser demitido por justa causa
br.kokoinfo.com",https://pbs.twimg.com/card_img/1351371381200584706/VYTHxBbT?format=jpg&name=small,,,
Henry,@therHenry_,2021-01-19T03:30:09.000Z,Desse o mais fÃ¡cil e a vacina kkkkkk,"Citar Tweet
pğ˜¶tğ˜¢sğ˜´o
@tallesfont
 Â· 5 h
Metas para 2021:
Mostrar esta sequÃªncia",https://pbs.twimg.com/profile_images/1351361636922241028/qV47IFfl_mini.jpg,,,
TaÃ­s Paranhos VACINA JÃ,@tparanhos,2021-01-19T03:30:02.000Z,"Em resposta a 
@HUNTRESS013",,https://abs-0.twimg.com/emoji/v2/svg/1f923.svg,,,
"Jani valverde
Petista Ã© lulapetista
,.",@JANI_VALVERD,2021-01-19T03:29:59.000Z,AlguÃ©m jÃ¡ achou um bolsobosta q falou q irÃ¡ tomar a vacina??,,https://pbs.twimg.com/media/EsEJCMSXYAAGTwD?format=jpg&name=small,1,,5
Milva Vieira VACINA JÃ,@milva_vieira,2021-01-19T03:29:59.000Z,"Em resposta a 
@Andress42350501",,https://abs-0.twimg.com/emoji/v2/svg/2764.svg,,,
Liana N. Palacios VACINA JÃ,@lnpalacios,2021-01-19T03:29:56.000Z,NÃ³s #QueremosImpeachment,"Citar Tweet
Mario Vitor Rodrigues
@mvitorodrigues
 Â· 3 h
EdiÃ§Ã£o do JN de hoje Ã© de manual de jornalismo. Tudo mastigado. Imagens, documentos, reportagens... tudo redondo.",https://pbs.twimg.com/profile_images/1315836443193942017/EW061_E8_mini.jpg,,,
ğ”©ğ”²ğ”¦$,@__moret,2021-01-19T03:29:53.000Z,quero tomar a vacina p ficar logo assim,,https://pbs.twimg.com/media/EsEJAi0XAAEUbZP?format=jpg&name=small,,1,2
Wagner Terzi,@WagnerTerzi,2021-01-19T03:29:47.000Z,"Doria ataca Bolsonaro e diz que vacina serve como liÃ§Ã£o para negacionistas https://noticias.uol.com.br/politica/ultimas-noticias/2021/01/18/doria-ataca-bolsonaro-e-diz-que-vacina-serve-como-licao-para-negacionistas.htm?utm_source=chrome&utm_medium=webalert&utm_campaign=politicaâ€¦ via 
@UOLNoticias
 @UOL","Doria ataca Bolsonaro e diz que vacina serve como liÃ§Ã£o para negacionistas
O governador de SÃ£o Paulo, JoÃ£o Doria (PSDB), voltou a criticar Jair Bolsonaro (sem partid...
noticias.uol.com.br",https://pbs.twimg.com/card_img/1349767429094834176/x_HdSMra?format=jpg&name=small,,,
William Crespo,@William15934768,2021-01-19T03:29:12.000Z,"Aguardando a vacina!
#mimdequeeutomo",,https://pbs.twimg.com/media/EsEI2uaXMAIu5M3?format=jpg&name=small,,,
Eliada Oliveira,@OliveiraEliada,2021-01-19T03:29:12.000Z,As primeiras doses de vacina contra a #COVID19 chegaram na Bahia!,,https://pbs.twimg.com/media/EsEI2r1XcAIjjY4?format=jpg&name=small,,,
Secretaria da SaÃºde,@SES_RS,2021-01-19T03:29:11.000Z,Lote da vacina contra a Covid-19 tem temperatura aferida na chegada ao centro.,,https://pbs.twimg.com/media/EsEI139XYAATt4p?format=jpg&name=small,,,20
Celia Gusman Vacina jÃ¡!!,@CeliaGusman1,2021-01-19T03:29:05.000Z,"Queremos vacinas para todos 
#impeachmentSalvaVidas","Citar Tweet
Denise Soares
@Brasile93364633
 Â· 10 min
#ImpeachmentSalvaVidas QUEREMOS VACINAS PARA TODOS. twitter.com/VemPraRua_br/sâ€¦",https://pbs.twimg.com/profile_images/1319970046496690176/-s5WYoKz_mini.jpg,,1,3
Taisser Gustavo,@Taisser_Gustavo,2021-01-19T03:29:05.000Z,Preciso dessa vacina,"Citar Tweet
JÃºlio BonfÃ¡
@juliocbonfa
 Â· 18 min
E aquela vacina lÃ¡, CoronaVÃ¡cuo. Sai quando?? ",https://pbs.twimg.com/profile_images/1333708833240330240/8LAUulLe_mini.jpg,,,
Dai Laranjeira,@DaiLaranjeira,2021-01-19T03:29:05.000Z,"Em resposta a 
@ThiagoSussekind","Para quem Ã© patriota com certeza! Grande dia, vacina jÃ¡ ",https://abs-0.twimg.com/emoji/v2/svg/1f600.svg,,,
@Tavares,@Tavares,2021-01-19T03:29:05.000Z,"Em resposta a 
@Helenasth",Vacina contra a raiva nessa cadela jÃ¡! ,https://abs-0.twimg.com/emoji/v2/svg/1f923.svg,,,
Narutinho do parÃ¡ vulgo The Queen's Gambit,@thediamonds_fro,2021-01-19T03:29:03.000Z,Helder sou hipertenso.. jÃ¡ quero a minha vacina,,https://pbs.twimg.com/media/EsEI0k6XIAAckoh?format=jpg&name=small,,,
Chaotic Good #todospelasvacinas,@beta_fig,2021-01-19T03:28:55.000Z,"Muita vontade de colocar uma piscina de plÃ¡stico na minha sala de estar, bem perto da janela.

Que falta faz uma varanda...",GIF,https://pbs.twimg.com/tweet_video_thumb/EsEIx7IXYAEKmiH.jpg,,,1
ğ•ğ¢Ãºğ¯ğ¨ ğƒğ¨ ğ‹ğ®ğšğ§â·,@Cristian1903_,2021-01-19T03:28:54.000Z,Eu exijo que Pedro Tonon Geromel seja o primeiro homem a receber a vacina!,"Citar Tweet
Coronavirus Brasil
@CoronavirusBra1
 Â· 48 min
ComeÃ§a a vacinaÃ§Ã£o no Rio Grande do Sul.
Mostrar esta sequÃªncia",https://pbs.twimg.com/profile_images/1292863160999911425/3wugXiJC_mini.jpg,,,
RogÃ©rio Araujo - VACINA PARA TODOS,@LRoger_Arq,2021-01-19T03:28:54.000Z,,"Citar Tweet
Mais Ãcido
@MaisAcido
 Â· 8 min",https://pbs.twimg.com/profile_images/1341071180179095553/ztTRhPIl_mini.jpg,,,1
"NotÃ­cias do PARÃ â—£â˜…â—¥
(#UseMascara
)",@NoticiasdoPARA,2021-01-19T03:28:41.000Z,"Chegou a vacina no ParÃ¡. Nesta terÃ§a-feira, Ã s 07h da manhÃ£, o Governador 
@helderbarbalho
 divulgarÃ¡ os detalhes do plano paraense de vacinaÃ§Ã£o em coletiva de imprensa. Foto: 
@GovernoPara",,https://pbs.twimg.com/media/EsEIuUIXAAEvf8W?format=jpg&name=small,,1,6
pedro alcides,@pedro7savage,2021-01-19T03:28:31.000Z,"agressÃ£o a pessoas anti vacina nÃ£o Ã© crime, Ã© um direito do cidadÃ£o","Citar Tweet
lollypop #fÃ£ do supla
â
@lolyarroz
 Â· 11 h
nao se respeita pessoa anti vacina",https://pbs.twimg.com/profile_images/1349131877597253634/4p96tR4o_mini.jpg,,,
britney espirros,@raphaulay,2021-01-19T03:28:31.000Z,e a Laura Cardoso!!!! pfvr vacina a Laura Cardoso o quanto antes,"Citar Tweet
N a y r a | Filha da Ã‰owyn
@AtaNayra
 Â· 17 de jan
Instituto ButantÃ£ vacine a Fernanda Montenegro agora mesmo por favor
Mostrar esta sequÃªncia",https://pbs.twimg.com/profile_images/1344792566278070272/lwx0Hxb7_mini.jpg,,,
braao GMFÂ¹â¹â°â¸,@braaow,2021-01-19T03:28:17.000Z,pq a vacina nÃ£o depende do galo,"Citar Tweet
GALÃƒO PISTOLA
@galaopistola
 Â· 54 min
Se a vacina chegou em Belo Horizonte por que a taÃ§a do BrasileirÃ£o nÃ£o pode tambÃ©m nÃ© nÃ£o?",https://pbs.twimg.com/profile_images/1325937398585430023/fqVVLLPN_mini.jpg,,,
leticia,@leassisss,2021-01-19T03:28:17.000Z,"meu deus sÃ³ tem tweet de namoro aqui nesse site, vem vacina quero ver td mundo na putaria novamente n dÃ¡ mais p os solteiros desse paÃ­s","Citar Tweet
BIN
@Binrealll
 Â· 12 h
namorar ela p chegar c ela no role e ver geral babando na minha gata e eu la c o ego la em cima por namorar a mulher mais braba e gata do universo
Mostrar esta sequÃªncia",https://pbs.twimg.com/profile_images/1350987352404094976/aHjRO0z3_mini.jpg,,,
ğ’‚ğ’ğ’†ğ’ğ’„ğ’‚ğ’“,@daaaaaaaanny,2021-01-19T03:28:11.000Z,"Em resposta a 
@carloscoutim",Eu sempre chorei pra tomar vacina! Mas essa vai ser minha cara pra enfermeira qnd aplicar a vacina em mim ,https://abs-0.twimg.com/emoji/v2/svg/1f970.svg,,,
Carlos Sobrinho,@CarlosSobrinh14,2021-01-19T03:28:07.000Z,"SÃ³ nÃ£o pode uma vacina contra a estupidez, senÃ£o acaba a brincadeira.","Citar Tweet
Ana
@g_garc2
 Â· 1 h
JÃ¡ que estÃ£o todos comemorando a vacina do Covid feita em tempo recorde, serÃ¡ que amanhÃ£ poderemos comemorar a vacina do cÃ¢ncer? Da AIDS? Da dengue? 
Ã‰ sÃ³ uma dÃºvida mesmo. ",https://pbs.twimg.com/profile_images/1258147806704857089/hUuCjkRv_mini.jpg,,,1
Caroline.,@ottercyjx,2021-01-19T03:28:06.000Z,"Em resposta a 
@ahgamixer","NÃ£o sei quem colocou isso na minha tl mas gente........... Ã‰ nessas horas que entendo porque a vacina sÃ³ serÃ¡ aplicada em maior de idade.

#GOT7
 #ê°“ì„¸ë¸ 
@GOT7Official",https://abs.twimg.com/hashflags/KPOP_GOT7_2020_LP/KPOP_GOT7_2020_LP.png,,,
Selva de Pedra,@SelvadePedra4,2021-01-19T03:28:03.000Z,"Tico Santa Cruz, vocalista do Detonautas, defendeu e elogiou JoÃ£o DÃ³ria, governador de SÃ£o Paulo, no Facebook.

""NÃ£o hÃ¡ porque nÃ£o reconhecer o bom trabalho feito pelo Governador JoÃ£o DÃ³ria e sua equipe em relaÃ§Ã£o Ã  VACINA! ParabÃ©ns ao Governo de SÃ£o Paulo que deu AULA"", postou.",,https://pbs.twimg.com/media/EsEIly4XMAMZWTl?format=jpg&name=small,,,
Caio OtÃ¡vio,@caiootaviosm,2021-01-19T03:28:02.000Z,serÃ¡ que o jacarÃ© da pampulha Ã© um viajante do tempo que veio do futuro depois de tomar a vacina ,"Citar Tweet
Dudu
@Dudu
 Â· 14 h
Em BH a vacinaÃ§Ã£o vai comeÃ§ar Ã s 16h na Lagoa da Pampulha. Se a pessoa virar jacarÃ© jÃ¡ fica lÃ¡ e se junta ao outro",https://pbs.twimg.com/profile_images/1347707137745694721/DK9xxFsY_mini.jpg,,,
vitor sem c,@pimelloso,2021-01-19T03:27:51.000Z,"Em resposta a 
@sabrinadinizzz_",Poxa sÃ³ pq eu tomei a vacina e virei um jacare ,https://abs-0.twimg.com/emoji/v2/svg/1f621.svg,,,
Portal Em Tempo,@portalemtempo,2021-01-19T03:27:50.000Z,'A esperanÃ§a chegou' anuncia prefeito de Manaus apÃ³s chegada da vacina http://mwl.press/AET287571,,https://pbs.twimg.com/media/EsEIiy0WMAIGlas?format=jpg&name=small,,3,6
Fernando F. Mattos,@nandomtts,2021-01-19T03:27:42.000Z, Recusa Ã  vacina ou ao uso de mÃ¡scara pode levar Ã  demissÃ£o por justa causa.,"Recusa Ã  vacina ou ao uso de mÃ¡scara pode levar Ã  demissÃ£o por justa causa
Empresas tÃªm a obrigaÃ§Ã£o de garantir ambiente seguro aos seus funcionÃ¡rios
cnnbrasil.com.br",https://pbs.twimg.com/card_img/1350238852070465542/TTVv2gny?format=jpg&name=small,,,1
"Brasil com S , sacou ?",@sjario9,2021-01-19T03:27:42.000Z,"ENTRE MUITOS OUTROS !
    mas tÃ´ contigo e nÃ£o abro .
            ATÃ‰ O FIM !
neca de pitibiribas de vacina !","Citar Tweet
cynara menezes
@cynaramenezes
 Â· 12 h
bolsonaro nÃ£o pode tomar vacina. tem que defender a cloroquina e o vermÃ­fugo atÃ© o fim (ele, o alexandre garcia e a leda nagle)",https://pbs.twimg.com/profile_images/429549634/euzed_mini.jpg,,,1
Jackeline Rodrigues,@jacke_rsa,2021-01-19T03:27:42.000Z,"Eis que me deparo com tamanho absurdo no meu facebook. Ã‰ claro que fiz uma redaÃ§Ã£o nota mil do enem como resposta 
 Se uma pessoa contra a vacina ver isso e resolver se vacinar, jÃ¡ vale o arrependimento que vou acordar amanhÃ£ xD",,https://pbs.twimg.com/media/EsEIfYWXIAAajlY?format=jpg&name=360x360,1,,
Patrick Silva,@DePatrickSilva,2021-01-19T03:27:29.000Z,"Em resposta a 
@Jouberth19",Vacina precoce? ,https://abs-0.twimg.com/emoji/v2/svg/1f602.svg,,,
Fernando Eifler,@FernandoEifler,2021-01-19T03:27:20.000Z,"Em resposta a 
@scartonnetwork","Absurdo demais vocÃªs nÃ£o se encaixarem como profissionais da saÃºde pra ter prioridade na vacina. InaceitÃ¡vel, farmacÃªutico seria o que entÃ£o? Piada. Mas ainda assim Ã© realmente uma puta notÃ­cia, finalmente habemus vacina ",https://abs-0.twimg.com/emoji/v2/svg/1f499.svg,,,
Luiz Guilherme Nazario Torres,@LuizGui02411813,2021-01-19T03:27:14.000Z,"Em resposta a 
@fabulosonerd",Eu vendo a biba comemorar a vacina e depois descobrir que vai ter que continua usando mÃ¡scara e ficando em casa porque sÃ³ tem 50% de eficÃ¡cia. ,https://abs-0.twimg.com/emoji/v2/svg/1f923.svg,,,
y,@desytni,2021-01-19T03:27:05.000Z,sorte que a vacina do mironga nao saiu ainda felizmente estou infectado.,,https://pbs.twimg.com/media/EsEIQ0BXIAE2WMI?format=png&name=small,,,1
Pepe,@super_sappo,2021-01-19T03:26:57.000Z,Essa histÃ³ria de vacina Ã© uma mera disputa polÃ­tica. Nunca foi pela saÃºde e bem estar dos brasileiros.,"Citar Tweet
Gil Diniz
@carteiroreaca
 Â· 6 h
AlguÃ©m tem dÃºvida que o Governador do PiauÃ­ estÃ¡ falando a verdade sobre JoÃ£o Doria?
1:19
14 mil visualizaÃ§Ãµes",https://pbs.twimg.com/profile_images/1232499128581677056/ORfSmgUV_mini.jpg,,,1
Sputnik Brasil,@sputnik_brasil,2021-01-19T03:26:51.000Z,"Apesar de declaraÃ§Ãµes otimistas do governo, o Brasil pode ""ficar no fim da fila"" para receber as doses da vacina de Oxford produzida no laboratÃ³rio Serum, na Ãndia, disse especialista Ã  Sputnik Brasil","Vacina da Ãndia: â€˜HÃ¡ possibilidade do Brasil ficar no fim da filaâ€™, alerta especialista
Apesar de declaraÃ§Ãµes otimistas do governo, o Brasil pode ""ficar no fim da fila"" para receber as doses da vacina de Oxford produzida no laboratÃ³rio Serum, na Ãndia...
br.sputniknews.com",https://pbs.twimg.com/card_img/1351370440279805955/J7jH2M9C?format=jpg&name=small,,1,3
Luana Borges,@borges_luana,2021-01-19T03:26:40.000Z,"Em resposta a 
@skol","Sair do planeta que nada! S de vontade de ""sÃ³ quero vacina para sÃ³ curtir Skol com as amigas depois"" ",https://abs-0.twimg.com/emoji/v2/svg/1f37b.svg,,,
á´‰qÉq,@spidersfromars,2021-01-19T03:26:30.000Z,depois da vacina estarei assim,,https://pbs.twimg.com/ext_tw_video_thumb/1351370300701683712/pu/img/NfTUkpsCTfJdj0S8.jpg,,,4
Lucca,@luccacidade,2021-01-19T03:26:22.000Z,'Vacina do Brasil'? Relembre vezes em que Bolsonaro criticou Coronavac,"EstadÃ£o
@Estadao
'Vacina do Brasil'? Relembre vezes em que Bolsonaro criticou Coronavac",https://pbs.twimg.com/media/EeNU2orWAAEp7T_?format=jpg&name=small,,,
V de Vacina,@petraleao,2021-01-19T03:26:19.000Z,"Em resposta a 
@puffnopiripaf",Melhor horÃ¡rio do dia ,https://abs-0.twimg.com/emoji/v2/svg/1f49c.svg,,,
"GUERRERO, da ProvÃ­ncia da Vacina",@prissguerrero1,2021-01-19T03:26:18.000Z,"Estou lÃ¡ no You Tube, vem conhecer o meu canal:","prissguerrero1 - Canal Rock Me ON
Ã‰ uma extensÃ£o do site http://www.rockmeon.com.br, portanto, vocÃª vai encontrar aqui um pouco vÃ¡rias coisas que gosto, como desenhos, filmes, opiniÃ£o sobre alguns assuntos, tutoriais simples, vÃ­deos...
youtube.com",https://pbs.twimg.com/card_img/1350630734004957184/AEdTAOf6?format=jpg&name=240x240,,,
Yoyo quer vacina,@unagiconsuela,2021-01-19T03:26:17.000Z,eu todo dia antes de dormir,,https://pbs.twimg.com/media/EsEILxbXEAEG_oX?format=jpg&name=360x360,,,
"calmo, feliz e extrovertido",@Davi_fsantos_,2021-01-19T03:26:16.000Z,"Qnd eu tomar a vacina, vou sair do postinho com uma caixa de som tocando ""We are the champions"" no talo","Citar Tweet
anandamida
@anandapzz
 Â· 7 h
a brusinha da primeira vacinada no PiauÃ­ 
Mostrar esta sequÃªncia",https://pbs.twimg.com/profile_images/1347001592676028417/han3UFZB_mini.jpg,,,
A TARDE,@atarde,2021-01-19T03:26:14.000Z,#Covid19 Bahia recebe primeiro lote de doses de vacina http://atarde.uol.com.br/galerias/bahia/salvador/21650-bahia-recebe-primeiro-lote-de-doses-de-vacinaâ€¦,,https://pbs.twimg.com/media/EsEILQ6W4AASL6r?format=jpg&name=small,,2,14
Fred,@Fred62944254,2021-01-19T03:26:09.000Z,"Em resposta a 
@Fred62944254
 @DatenaOficial
 e 
@RBandeirantes","A monica calazans que tomou a primeira vacina tambÃ©m Ã© uma das pessoas contratadas que faz parte deste concurso e q serÃ¡ dispensada tambÃ©m apÃ³s o termino do contrato , mas infelizmente a maioria de nÃ³s nÃ£o temos outro emprego como ela e ficaremos desempregados NOS AJUDE ",https://abs-0.twimg.com/emoji/v2/svg/1f64f.svg,,,
Sidoka Da Deep Web,@TorezaniRafael,2021-01-19T03:26:02.000Z,Kjkjkjkjkjkkkkkkkkkkkkkkknmnnnnnnnnnkjkknk vamos esperar morrer mais uns 200mil atÃ© a Ãndia nos vender a de Oxford ou temos capacidade de produzir a vacina do Bolsonaro que n teve um dedo de auxÃ­lio do Bolsonaro,"Citar Tweet
Bolchevique
@G_Boasquives
 Â· 1 h",https://pbs.twimg.com/profile_images/1186423284759486466/mOJWxQXO_mini.jpg,,,
Bozo sendo sincero,@Bozonazisincer0,2021-01-19T03:26:00.000Z,Interesse do governo pela CoronaVac aponta mudanÃ§a radical de posicionamento sobre a vacina | Jornal Nacional | G1,"Interesse do governo pela CoronaVac aponta mudanÃ§a radical de posicionamento sobre a vacina
Presidente Jair Bolsonaro menosprezou o imunizante em vÃ¡rias ocasiÃµes.
g1.globo.com",https://pbs.twimg.com/card_img/1350611221859414017/xeNC0Wn1?format=jpg&name=small,,1,1
caroline,@caroladrielli,2021-01-19T03:25:59.000Z,sÃ³ vou tomar a vacina se a bi aplicar hein,"Citar Tweet
bianca
@bianquisa
 Â· 9 min
3Âº lugar em enfermagem na anhembi morumbi mores, a mÃ£e tÃ¡ on viu",https://pbs.twimg.com/profile_images/1349551836940931072/K5zZpDLC_mini.jpg,1,,1
Maria pronta pra tomar a vacina,@_maria_uai,2021-01-19T03:25:59.000Z,"Em resposta a 
@fernanandaft",TÃ´ precisando ficar assim ,https://abs-0.twimg.com/emoji/v2/svg/1f602.svg,,,1
V de Vacina (ou Neurinha),@verenaviu,2021-01-19T03:25:58.000Z,"Em resposta a 
@predonisona",Kkkk eu sou low profile ah tri ,https://abs-0.twimg.com/emoji/v2/svg/1f5e3.svg,,,
malu,@xmrclrx,2021-01-19T03:25:58.000Z,"comemorando a vacina 
 (em casa, lÃ³gico)",,https://pbs.twimg.com/media/EsEIHHlW4AIbKTP?format=jpg&name=small,,,2
alecrim dourado â„¢-Maria,@mariavaikzoutra,2021-01-19T03:25:38.000Z,Queria ver a vacina se espalhar com a mesma velocidade que deixaram o vÃ­rus se propagar. Boa noite,"Citar Tweet
Coronavirus Brasil
@CoronavirusBra1
 Â· 2 h
AtualizaÃ§Ã£o: 1.067 pessoas vacinadas
#vacinÃ´metro
Mostrar esta sequÃªncia",https://pbs.twimg.com/profile_images/1292863160999911425/3wugXiJC_mini.jpg,,,
vem co Bu Bu Tan Tan,@isanac476,2021-01-19T03:25:27.000Z,tesÃ£o pre vacina,"Citar Tweet
Governo do ParÃ¡
@GovernoPara
 Â· 10 min
As vacinas jÃ¡ seguem, imediatamente, para a distruibuiÃ§Ã£o para os municÃ­pios do estado. Nesta terÃ§a-feira, Ã s 07h da manhÃ£, divulgaremos detalhes do plano paraense de vacinaÃ§Ã£o em coletiva de imprensa.

Saiba mais: http://bit.ly/38XE2sa",https://pbs.twimg.com/profile_images/1288841117098745858/p4AIaCDO_mini.jpg,,,
hesoila â€¢ mundindo vacina br,@ihelobitencourt,2021-01-19T03:25:15.000Z,gostei que o da minha casa Ã© bem no dia do meu aniversÃ¡rio,"Citar Tweet
triz
@99sgeller
 Â· 12 h
quando Ã© o pride day da sua casa???
Mostrar esta sequÃªncia",https://pbs.twimg.com/profile_images/1350620600960770048/EDftNZHl_mini.jpg,,,
Raiane,@raiidisol,2021-01-19T03:25:12.000Z,"Esse ano vai, vacina tÃ¡ chegando, love tÃ¡ no caminho e auto escola terminando, final de 2021 eu venho contar se deu certo","Citar Tweet
pğ˜¶tğ˜¢sğ˜´o
@tallesfont
 Â· 5 h
Metas para 2021:
Mostrar esta sequÃªncia",https://pbs.twimg.com/profile_images/1351361636922241028/qV47IFfl_mini.jpg,,,
ğ˜ğ˜¢ğ˜¢ğ˜£ ğ˜œğ˜»ğ˜¶ğ˜®ğ˜¢ğ˜¬ğ˜ª á¶œáµƒáµÂ¹Â²,@GaabUzumaki1908,2021-01-19T03:25:01.000Z,Vacina Ã© tÃ£o foda que jÃ¡ vem com Suzano,"Citar Tweet
Mavera
@Maverick_Turbo
 Â· 15 h
SUS

internet // realidade
Mostrar esta sequÃªncia",https://pbs.twimg.com/profile_images/1347502740042371073/YMl3Zn1D_mini.jpg,,,
"Li |
Vacina! JÃ¡!",@LigiaSpears,2021-01-19T03:24:54.000Z,"Em resposta a 
@Garotaburlesca
 e 
@larisfcruz",Mandando ,https://abs-0.twimg.com/emoji/v2/svg/1f929.svg,,,
V de Vacina (ou Neurinha),@verenaviu,2021-01-19T03:24:43.000Z,"Errata, meu verdadeiro eu Ã© assim e quem conhece pode confirmar:",,https://pbs.twimg.com/media/EsEH0nlXMAEJAh2?format=jpg&name=small,2,,6
IRINEU,@ddias_danielle,2021-01-19T03:24:42.000Z,"Em resposta a 
@feelingcline
 e 
@thazdude","TOMA DISTRAÃDO, mas amiga somos de menor e fugitivas a gente nÃ£o toma a vacina ",https://abs-0.twimg.com/emoji/v2/svg/1f622.svg,1,,
ÊŸá´‡á´ á´ ÉªÉ´Éªá´„Éªá´œs,@leoviniciusp,2021-01-19T03:24:39.000Z,"Tome a vacina e vocÃª receberÃ¡ atÃ© selo do Twitter. CadÃª os padrÃµes?! 
Tomou vacina, subiu de vida. 
#fimdostempos 
Olha aÃ­ â¦
@profpaulamarisa
â©",,https://pbs.twimg.com/media/EsEHz99WMAAzNgs?format=jpg&name=small,,,
Alexandre Balthazar VACINA JÃ,@AlexandreMB70,2021-01-19T03:24:25.000Z,"Em resposta a 
@Jeffedomingues2
 e 
@RachelSherazade",,https://abs-0.twimg.com/emoji/v2/svg/1f602.svg,,,1
ğ“Ÿğ“®ğ“¼ğ“¬ğ“ªğ“­ğ“¸ğ“» ğ“­ğ“® ğ“˜ğ“µğ“¾ğ“¼Ãµğ“®ğ“¼,@GKurotake,2021-01-19T03:24:25.000Z,Tio Gabes depois de tomar vacina,"0:06
9 visualizaÃ§Ãµes",https://pbs.twimg.com/ext_tw_video_thumb/1351369817861861378/pu/img/uyBocZBxbm5Auj2B.jpg,,,1
where is my vacina?,@deboni__,2021-01-19T03:24:25.000Z,"Em resposta a 
@leonelsr",ParabÃ©ns ,https://abs-0.twimg.com/emoji/v2/svg/1f388.svg,,,1
"Sami
/ RS1",@Rosiejchu,2021-01-19T03:24:19.000Z,Pq sinto que foi racista  ' enfermeira negra' porra qual Ã© a complicaÃ§Ã£o de chamar a mulher sÃ³ de enfermeira que tomou a vacina... nunca vejo bota enfermeira branca ou algo que refria a uma pessoa branca,"Citar Tweet
Andreza Delgado
@andrezadelgado
 Â· 10 h
Ela fica mais legal a cada minuto 
Mostrar esta sequÃªncia",https://pbs.twimg.com/profile_images/1348146194699137029/BJCGCl2X_mini.jpg,,,
boiolinha Ã© um perigo,@henritheuss,2021-01-19T03:24:12.000Z,Eu vendo o pessoal no meu status compartilhando a vacina chegando no Barreto e eu sÃ³ esperando para postar a foto de imunizadah,,https://pbs.twimg.com/media/EsEHtd4XcAMlmdM?format=jpg&name=small,,,
tia do pavÃª,@vforvelour,2021-01-19T03:24:10.000Z,VovÃ´ Ã© bolsonarista e nÃ£o tÃ¡ querendo tomar a vacina #pqp,"Citar Tweet
tia do pavÃª
@vforvelour
 Â· 1 h
O avÃ´ do marido vai ser vacinado na quarta! ",https://pbs.twimg.com/profile_images/1289113511940030465/9_UJSWOl_mini.jpg,,,
lala,@nosensecamren,2021-01-19T03:24:04.000Z,"uma jÃ¡ foi, o prÃ³ximo Ã© a vacina e dps a CNH","Citar Tweet
pğ˜¶tğ˜¢sğ˜´o
@tallesfont
 Â· 5 h
Metas para 2021:
Mostrar esta sequÃªncia",https://pbs.twimg.com/profile_images/1351361636922241028/qV47IFfl_mini.jpg,,,
CENÃRIO NEWS,@cenarionews,2021-01-19T03:23:59.000Z,"Governador HÃ©lder Barbalho assiste o Boeing da Tam, que traz a vacina do ButantÃ£, taxiar no Aeroporto Internacional de BelÃ©m.",,https://pbs.twimg.com/media/EsEHqX7XIAM3VG_?format=jpg&name=small,,,1
Alexandre Balthazar VACINA JÃ,@AlexandreMB70,2021-01-19T03:23:58.000Z,#ImpeachmentSalvaVidas,"Citar Tweet
Prof Sergio
@ProfSergioFS
 Â· 14 h
URGENTE: revelaÃ§Ã£o bomba do Procurador Igor Spindola, sobre a causa da falta de oxigÃªnio de resultou em vÃ¡rias mortes por asfixia em Manaus. MinistÃ©rio da saÃºde interrompeu o transporte de oxigÃªnio por 24h, o que levou Ã  tragÃ©dia, aponta o procurador.
Mostrar esta sequÃªncia",https://pbs.twimg.com/profile_images/1140370147171078145/7Qcc09XA_mini.jpg,,,
Maria pronta pra tomar a vacina,@_maria_uai,2021-01-19T03:23:51.000Z,"Em resposta a 
@fernanandaft","Eu ando tÃ£o sem paciÃªncia que ia mandar tomar vocÃª pode imaginar onde 
 (preguiÃ§a de gente que caga regra atÃ© pro que o outro pode postar)",https://abs-0.twimg.com/emoji/v2/svg/1f631.svg,1,,1
ğ–†ğ–“ğ–™ğ–”ğ–”ğ–“ğ–œğ–Šğ–—ğ– - VACINA JÃ,@antoonwerk,2021-01-19T03:23:51.000Z,"O mais revoltante nÃ£o Ã© nem esta decisÃ£o de agora, e sim o fato do babaca estar recorrendo da indenizaÃ§Ã£o ao guarda municipal que esse idiota seja condenado no 
@STJnoticias
 e pague. #DigaNaoACulturaDoEsquecimento","Gilmar Mendes suspende inquÃ©rito do desembargador da â€œcarteiradaâ€ - Migalhas
Em 15 de janeiro, o magistrado iria depor, mediante intimaÃ§Ã£o da PGR. O ministro Gilmar Mendes considerou o perigo de difÃ­cil reparaÃ§Ã£o por nÃ£o ter ocorrido intimaÃ§Ã£o prÃ©via do desembargador.
migalhas.uol.com.br",https://pbs.twimg.com/card_img/1351279669933465602/787W3OKr?format=jpg&name=small,,,
Rafael Viana,@RafaelVianaag,2021-01-19T03:23:46.000Z,Vai ter #vacina,GIF,https://pbs.twimg.com/tweet_video_thumb/EsEHmrFWMAUTAeW.jpg,,,
ğ–ˆğ–†ğ–—ğ–”ğ–‘,@carol_carfon,2021-01-19T03:23:37.000Z,igual a vacina deixa eu penetrar seu corpo,"Citar Tweet
bonnie
@CoriVega7
 Â· 19 min
A melodia dessa mÃºsica.... Thales Neves entenda vocÃª Ã© tudo
0:29
434 visualizaÃ§Ãµes",https://pbs.twimg.com/profile_images/1346552778093719556/gnfCZ_nQ_mini.jpg,,,1
lily loves vacina,@lilylovesyogurt,2021-01-19T03:23:14.000Z,"Em resposta a 
@hlsydriao",Ela Ã© demais ,https://abs-0.twimg.com/emoji/v2/svg/2764.svg,,,
Manuela,@manuela_mourao,2021-01-19T03:23:12.000Z,Basta a vacina e a carteira de motorista que eu jÃ¡ estarei satisfeita.,"Citar Tweet
pğ˜¶tğ˜¢sğ˜´o
@tallesfont
 Â· 5 h
Metas para 2021:
Mostrar esta sequÃªncia",https://pbs.twimg.com/profile_images/1351361636922241028/qV47IFfl_mini.jpg,,,
VEM VACINA,@giovanna_santis,2021-01-19T03:23:10.000Z,Gente essa menina Ã©..... chata,"Citar Tweet
ğ• ğ•  ğ•  ğ•Ÿ ğ•ª
@ste_barretox
 Â· 17 de jan
Minha reaÃ§Ã£o lendo a parte de histÃ³ria foi a mesma da DÃ©bora Aladim
Mostrar esta sequÃªncia",https://pbs.twimg.com/profile_images/1331752158405009409/MhqqbK_g_mini.jpg,,,
cadÃª a vacina?,@_nelsoncezar,2021-01-19T03:23:02.000Z,Aqui mais detalhes sobre os primeiros imunizados no RS:,"Citar Tweet
Secretaria Municipal de SaÃºde de Porto Alegre
@saudepoa
 Â· 13 min
ConheÃ§a quem sÃ£o eles:

Eloina GonÃ§alves Born, de 99 anos, moradora do Residencial GeriÃ¡trico Donna Care.

Jorge Amilton Hoher, MÃ©dico Chefe do serviÃ§o de Medicina Intensiva da Irmandade da Santa Casa de MisericÃ³rdia de Porto Alegre.
Mostrar esta sequÃªncia",https://pbs.twimg.com/profile_images/1300787562118774785/rSUg3YqZ_mini.jpg,,,
Vacina jÃ¡,@ForaBol02299326,2021-01-19T03:23:00.000Z,"#QueremosImpeachment 
Queremos viver! Bolsonaro, tire o joelho de nossos pescoÃ§os.","Citar Tweet
GaÃºcha colorada, petista com muito orgulho!!
@colorada_gaucha
 Â· 3 h
Muitas vidas poderiam ter sido salvas se o Bozo tivesse apenas se calado,no momento que mais precisamos de um rumo, ele sÃ³ faz criar caos, confundir e desinformar!
#QueremosImpeachment 
@PTDemocracia",https://pbs.twimg.com/profile_images/1349120857730412544/AHYPvCVk_mini.jpg,,,1
VEM VACINA #nortepelonorte,@costaliliss,2021-01-19T03:22:59.000Z,"NÃ£o gosto de visita nem avisando, quanto mais sem avisar.","Citar Tweet
Denise Andrade
@deniseandrxde
 Â· 7 h
depois da adolescÃªncia nÃ£o se visita a casa de ninguÃ©m de surpresa nÃ£o galera.
Mostrar esta sequÃªncia",https://pbs.twimg.com/profile_images/1347165458173227011/HB6rRDOj_mini.jpg,2,,2
Gabi,@gabictoledo,2021-01-19T03:22:58.000Z,"Os nego tretando no grupo pq nÃ£o quer tomar vacina, aÃ­ me vem esse comentÃ¡rio HAHAHAHAHAH",,https://pbs.twimg.com/media/EsEHbJlW8AAJW6K?format=jpg&name=small,,,
Ã  espera de uma vacina,@_bnadais,2021-01-19T03:22:50.000Z,UÃ© menina,"Citar Tweet
lila
@immimirose
 Â· 14 h
valha mulher pq tu ta preocupada com o dia que vai se vacinar se tu ja vivendo como se tivesse vacinada hÃ¡ meses",https://pbs.twimg.com/profile_images/1349107736756314117/jYTuureJ_mini.jpg,,,
Tamir VACINA JÃ,@tamir_rimat,2021-01-19T03:22:49.000Z,"Ã‰ isso aÃ­, com nossa pressÃ£o diÃ¡ria o impeachment de Bolsonaro tem tudo para ser agilizado. #ImpeachmentSalvaVidas","Citar Tweet
Vem Pra Rua Brasil
@VemPraRua_br
 Â· 17 min
A hashtag do dia Ã© #ImpeachmentSalvaVidas

VocÃª pode ajudar tuitando uma frase com a hashtag ou simplesmente clicando em ",https://pbs.twimg.com/profile_images/1317871271049297922/4SaE_Bu2_mini.jpg,,1,
larie,@lwtsolong,2021-01-19T03:22:45.000Z,"Em resposta a 
@eloobritto","real amg, o dia de tomar a vacina vai ser dia de festa lkkkkkkkk nÃ£o sei de vou poder tomar jÃ¡ porque eu sou estudante ainda 
 apesar de fazer estÃ¡gio nÃ© massss",https://abs-0.twimg.com/emoji/v2/svg/1f921.svg,1,,1
ClaudinhoEmerenciano,@ClaudioRAE,2021-01-19T03:22:40.000Z,Imagem marcante: A vacina aos pÃ©s do Cristo Redentor. Liberdade!,,https://pbs.twimg.com/media/EsEHWzHXUAEgCI3?format=jpg&name=small,,,2
Ivys Rodrigues,@IvysDantas,2021-01-19T03:22:39.000Z,"HabilitaÃ§Ã£o tÃ¡ ok, vacina tÃ´ aguardando e relacionamento estou a procura ","Citar Tweet
pğ˜¶tğ˜¢sğ˜´o
@tallesfont
 Â· 5 h
Metas para 2021:
Mostrar esta sequÃªncia",https://pbs.twimg.com/profile_images/1351361636922241028/qV47IFfl_mini.jpg,,,
Tiago Caldas,@TiiagoCaldas,2021-01-19T03:22:36.000Z,"Chegada da vacina coronavac, na sede do 
@graerpmba
, em Salvador. 
Fotos: Tiago Caldas / 
@correio24horas
 
Imagens protegidas pela Lei do Direito Autoral NÂº 9.610 de 12/02/1998. Â©",,https://pbs.twimg.com/media/EsEHVLhXUAAZ6w4?format=jpg&name=360x360,,3,9
paulo henrique,@paulohausis,2021-01-19T03:22:30.000Z,"ainda nÃ£o tomei a vacina de obviamente, mas estarei exatamente assim esperando a onda da coronavac bater para eu me transformar em jacarÃ©. ",,https://pbs.twimg.com/media/EsEHUWjXUAIwlNV?format=jpg&name=small,,,
bolsa da sindel andrade,@oloboamargo,2021-01-19T03:22:27.000Z,Se vocÃª tÃ¡ lendo ISSO dificilmente vai tomar vacina atÃ© parece que vÃ£o vacinar TWITEIRO...,,https://pbs.twimg.com/ext_tw_video_thumb/1351369359407673345/pu/img/IOvbhqETFYjl2lVY.jpg,,2,3
IVaVANA VACINA JÃ,@ivani_vana,2021-01-19T03:22:19.000Z,"Em resposta a 
@lobaoeletrico
 e 
@YouTube","No dia do #ImpeachmentBolsonaro 

Quero vc cantando muito pra nÃ³s 

""Eu quero Ã© botar neu bloco na rua""
aÃ­,vc pÃµe umas pitadas de remix  rss 

Sucesso LobÃ£o",https://abs-0.twimg.com/emoji/v2/svg/1f3b5.svg,,,
amanda?,@crf_mandyyy,2021-01-19T03:22:19.000Z,vocÃªs comem o pastel do china mas nÃ£o quer tomar a vacina,"Citar Tweet
acervo web diva tulla luana
@bestoftulla
 Â· 16 de jan
vamo parar de hipocrisia brasil
0:00
19,5 mil visualizaÃ§Ãµes",https://pbs.twimg.com/profile_images/1265093957509398533/JTxhSOQE_mini.jpg,,,
V de Vacina (ou Neurinha),@verenaviu,2021-01-19T03:22:18.000Z,"Em resposta a 
@voltei_babies",Na verdade era em BH mas dei uma escapulida de uma tarde ,https://abs-0.twimg.com/emoji/v2/svg/1f61c.svg,2,,
Blal Dalloul,@Blal_Dalloul,2021-01-19T03:22:02.000Z,"Deus iluminou cientistas incansÃ¡veis; vem vacina! Loas a quem entende, pois a depender de â€œfamososâ€ leigos as vacinas sÃ³ apÃ³s dÃ©cadas de testes, quiÃ§Ã¡, atÃ© lÃ¡,  fazendo TAC pro vÃ­rus aliviar ou seguir cienciamigas, â€œmedicinaâ€ dos salÃµes pra telinha. 210 mil!
 Vaidade, mal fazes!","Citar Tweet
Vladimir Aras
@VladimirAras
 Â· 3 h
AssociaÃ§Ã£o de medicina rechaÃ§a â€œtratamento precoceâ€ contra covid-19: â€œÃºnica prevenÃ§Ã£o Ã© a vacinaâ€  https://exame.com/brasil/associacao-de-medicina-rechaca-tratamento-precoce-contra-covid-19-unica-prevencao-e-a-vacina/?utm_source=whatsappâ€¦",https://pbs.twimg.com/profile_images/1176677308696076288/_XyoibSx_mini.jpg,,1,5
A Bula da Vacina,@Pahoneyl,2021-01-19T03:21:57.000Z,"Em resposta a 
@PeixeAfogado3","Boa noite 
 durma bem",https://abs-0.twimg.com/emoji/v2/svg/1f618.svg,1,,1
ClÃ¡udio Manaus Vacina JÃ¡!,@claudiopalheta,2021-01-19T03:21:55.000Z,#ImpeachmentSalvaVidas,,https://pbs.twimg.com/media/EsEHLgSXAAIgxuL?format=jpg&name=small,,1,2
Vilmar Ledesma,@viledesma,2021-01-19T03:21:53.000Z,"""Nesse momento de pandemia, nossas comunidades nÃ£o tem Ã¡gua potÃ¡vel. Sou muito grata Ã s pessos que tem nos ajudado. Temos recebido alimentos doados na comunidade. Queremos a vacina nÃ£o sÃ³ para 410 indÃ­genas, hoje somos um milhÃ£o""","Enfermeira indÃ­gena Ã© a primeira a receber vacina e cobra ampliaÃ§Ã£o da imunizaÃ§Ã£o | CoronavÃ­rus
â€œViva os povos indÃ­genas, a todos os indÃ­genas do Estado. Esse momento Ã© histÃ³rico para o Amazonas
acritica.com",https://pbs.twimg.com/card_img/1351348833633054723/d-Yk65vO?format=jpg&name=240x240,,,1
Dayse Aguiar opovonopoder,@AguiarDayse,2021-01-19T03:21:53.000Z,A vacina Brasileira estÃ¡ saindo do forno. #QueroBolsonaroAte2026,,https://pbs.twimg.com/media/EsEHEUKXEAAd_02?format=jpg&name=small,,,
You are The Resistance,@URTResistance,2021-01-19T03:21:52.000Z,"Em resposta a 
@GFiuza_Oficial","O fato Ã© que o Brasileiro vai PAGAR para ser COBAIA de uma Vacina Experimental que veio do paÃ­s que lanÃ§ou o vÃ­rus.

Que felicidade.  ",https://abs-0.twimg.com/emoji/v2/svg/1f921.svg,,,
Secretaria Municipal de SaÃºde de Porto Alegre,@saudepoa,2021-01-19T03:21:52.000Z,"As primeiras cinco pessoas receberam a vacina contra a COVID-19 na noite desta segunda-feira, 18, no Hospital de ClÃ­nicas.
 Cesar Lopes",,https://pbs.twimg.com/media/EsEHK2CXAAAiab8?format=jpg&name=small,3,10,47
"Cuca.
Vacina jÃ¡",@crisnutri,2021-01-19T03:21:52.000Z,Todo dia Ã© uma comida de rabo #QueremosImpeachment,"Citar Tweet
Jacqueline Constance
@Jacquelinespfc
 Â· 2 h
#QueremosImpeachment
O jornal nacional jantou bolsonaro e desmentiu pazuello. Amo esse jornal ",https://pbs.twimg.com/profile_images/1273631539998359555/1JsJ_SyJ_mini.jpg,,,
somellier de aÃ§ai,@_boitata,2021-01-19T03:21:49.000Z,"Com 2,200 dÃ¡ pra comprar umas duas doses da vacina e olhe lÃ¡","Citar Tweet
sabrina
@sabrizx
 Â· 6 h
pensando muito sobre",https://pbs.twimg.com/profile_images/1350286388109971458/3kQ7igTa_mini.jpg,,,
bota aqui a vacina,@sokanzzz,2021-01-19T03:21:46.000Z,"Em resposta a 
@ZeV4cil0",,https://abs-0.twimg.com/emoji/v2/svg/1f927.svg,,,1
ğ”“ğ”¯ğ”¦ğ”«ğ” ğ”¢ğ”°ğ” ğ”­ğ”¢ğ”¦ğ”±ğ”¬,@giiuaz_,2021-01-19T03:21:41.000Z,vem vacina! #CoronaVac #VacinaJa,,https://pbs.twimg.com/media/EsEHIqEXcAE2dXQ?format=jpg&name=small,,,
Carla Jorge,@carlahsjorge,2021-01-19T03:21:41.000Z,Eu na minha prÃ³xima viagem para o #RiodeJaneiro pÃ³s vacina.,,https://pbs.twimg.com/media/EsEHIbRXUAANCF4?format=jpg&name=small,,,
wesleysalgadÃ£o,@pretoceito,2021-01-19T03:21:41.000Z,"Em resposta a 
@miriambteodoro
 @alferes31
 e 
@RomeuZema",E essa comparaÃ§Ã£o Ã© com uma vacina contra Influenza ,https://abs-0.twimg.com/emoji/v2/svg/1f602.svg,1,,
mundinho vacina âš¢,@princesadamare,2021-01-19T03:21:40.000Z,"Em resposta a 
@zezada10",NA MORALZINHAAAAAAAAA o gugu foi tudo ,https://abs-0.twimg.com/emoji/v2/svg/1f62d.svg,1,,1
maria fifi,@stochocada,2021-01-19T03:21:38.000Z,pÃ³s vacina estarei exatamente assim nos rolÃª,"Citar Tweet
BIN
@Binrealll
 Â· 12 h
namorar ela p chegar c ela no role e ver geral babando na minha gata e eu la c o ego la em cima por namorar a mulher mais braba e gata do universo
Mostrar esta sequÃªncia",https://pbs.twimg.com/profile_images/1350987352404094976/aHjRO0z3_mini.jpg,,,1
MILTINHO TALAVEIRA,@talanotalaveira,2021-01-19T03:21:38.000Z,"Ser humano toma vacina, bolsominion toma cloroquina. ","Citar Tweet
SebastiÃ£o Melo
@SebastiaoMelo
 Â· 34 min
A vacina, enfim, chegou! 
Ela representa a vitÃ³ria da ciÃªncia e nos enche de esperanÃ§a. Dias melhores estÃ£o chegando. Mas fundamental que todos mantenham os cuidados e os protocolos.",https://pbs.twimg.com/profile_images/1345141390376898560/7-20Kn9x_mini.jpg,,,
baby yoda emo,@foliefeelings,2021-01-19T03:21:17.000Z,kkkkkkkk brasil com vacina vai ser pior do que o brasil sem vacina,"Citar Tweet
GloboNews
@GloboNews
 Â· 13 h
Mesmo tomando a vacina, brasileiros vÃ£o precisar manter as medidas de prevenÃ§Ã£o, como o uso de mÃ¡scaras e o distanciamento social por um tempo, explica a microbiologista e pesquisadora da USP Natalia Pasternak no #Edicao10: https://glo.bo/38S1GX8 #GloboNews
Mostrar esta sequÃªncia",https://pbs.twimg.com/profile_images/1234629255306391553/15xnf2WI_mini.jpg,,,
"Digo
VACINA JÃ!!!",@rodrigofac28jve,2021-01-19T03:21:16.000Z,"Em resposta a 
@nilmoretto
 @antonio_garret
 e 
@RodrigoMaia",,https://abs-0.twimg.com/emoji/v2/svg/1f44f.svg,,,1
leoa,@_realloha,2021-01-19T03:21:15.000Z,JÃ¡ escolhi minha brusinha pra vacina,"Citar Tweet
anandamida
@anandapzz
 Â· 7 h
a brusinha da primeira vacinada no PiauÃ­ 
Mostrar esta sequÃªncia",https://pbs.twimg.com/profile_images/1347001592676028417/han3UFZB_mini.jpg,,,
"Bru Marchini
Quero a Vacina JÃ¡",@MasterMindBru,2021-01-19T03:21:12.000Z,"Em resposta a 
@sous_ale
 e 
@meninakarolinaa","Muito obrigada 
Quem me dera ser nem que fosse 50% do que essa mulher foi.",https://abs-0.twimg.com/emoji/v2/svg/2764.svg,,,
Nice Gomes,@nicegomes45,2021-01-19T03:21:11.000Z,"Em resposta a 
@eduardopaes_
 @claudiocastroRJ
 e 
@cristoredentor",Nossa ! NÃ£o sabia que o Cristo tb precisava de vacina !!,https://abs-0.twimg.com/emoji/v2/svg/1f92a.svg,,,
"Cuca.
Vacina jÃ¡",@crisnutri,2021-01-19T03:21:08.000Z,#QueremosImpeachment,"Citar Tweet
Lola Aronovich
@lolaescreva
 Â· 2 h
Na verdade preferimos 1) guilhotina, 2) cassaÃ§Ã£o da chapa, 3) condenaÃ§Ã£o por crimes contra a humanidade, com os genocidas saindo do Planalto direto pra cadeia. Mas, na falta dessas alternativas, #QueremosImpeachment",https://pbs.twimg.com/profile_images/721411379161341952/ENrPGfeH_mini.jpg,,,
o cara do motion,@opamacedo,2021-01-19T03:21:06.000Z,"NÃ£o era sÃ³ a galera que trabalha na saÃºde - alguma profissÃ£o essencial - ou grupo de risco que ia receber as primeiras doses da vacina? Sei lÃ¡, alguma parada assim, pra testar e nÃ£o sei mais o que. 

Ou eu tÃ´ loco?","Citar Tweet
vicc
@spaceyvicky
 Â· 7 h
VACINADA",https://pbs.twimg.com/profile_images/1350993881219948548/x29OXkGv_mini.jpg,1,,
o apagÃ£o humano,@ElShroker,2021-01-19T03:21:01.000Z,Eu e ela tomando a vacina,,https://pbs.twimg.com/media/EsEG-3gXAAEgMdD?format=jpg&name=small,2,,1
Alexandre Balthazar VACINA JÃ,@AlexandreMB70,2021-01-19T03:20:59.000Z,#ImpeachmentSalvaVidas,"Citar Tweet
Placar do Impeachment - RJ #ForaBolsonaro
@impeachment_rio
 Â· 17 de jan
VOCÃŠ SABE QUEM SÃƒO OS DEPUTADOS FLUMINENSES QUE AINDA ESTÃƒO NO MURO QUANTO AO IMPEACHMENT??? Vamos deixÃ¡-los famosos!

Segue o fio e descobre quem sÃ£o eles e como vocÃª pode pressionÃ¡-los a descer do muro!
Mostrar esta sequÃªncia",https://pbs.twimg.com/profile_images/1350206451659247617/j3CDoBY2_mini.jpg,,,
Vini,@Vini_biazan,2021-01-19T03:20:58.000Z,A vacina chega mas a lista nÃ£o,"Citar Tweet
bia
@biannsm
 Â· 19 min
estagiÃ¡rio da porra da etec ta dormindo caralho quero saber se eu passei nessa merda",https://pbs.twimg.com/profile_images/1350943228695109633/4lgnEl2a_mini.jpg,,1,1
Andy (esperando a vacina),@andy_balsan,2021-01-19T03:20:49.000Z,"Em resposta a 
@DCM_online","E quem jÃ¡ Ã© gay, vai ficar mais gay ou vai dar reaÃ§Ã£o inversa? 
Gente assim tem que ir pra cadeia. E gente que acredita nisso, tem que ir pra escola.",https://abs-0.twimg.com/emoji/v2/svg/1f914.svg,,,
I am vampire â€ ,@wtfflet,2021-01-19T03:20:47.000Z,"2021 chegou e com ele a vacina tambÃ©m, agora o corona some ! ","Citar Tweet
I am vampire â€ 
@wtfflet
 Â· 29 de jul de 2020
Meu casamento dois anos esperando e chega na data acontece oque? Corona atrapalha tambÃ©m.
Gastar milhares de reais numa viagem e nem saber se vai ser reembolsado (corona tbm)

Some corona
Pelo amor, devolve nossa vida que era perfeita e nÃ£o sabiamos.",https://pbs.twimg.com/profile_images/1351368578084298760/PkBPHZFB_mini.jpg,,,
ThaÃ­s Gimenez - Vacina JÃ¡!,@thaisgime,2021-01-19T03:20:44.000Z,Dormiu mal a noite esse aÃ­. Olhos injetados de raiva.,"Citar Tweet
Brunno Melo #VACINA JÃ
@BrunnoMeloCBN
 Â· 13 h
Olha quem apareceu para falar das vacinas. Perceba o ""entusiasmo"" do presidente Bolsonaro. Ã‰ contagiante!
E ainda teve  esse ato falho: ""Apesar das vacinas..""
Mostrar esta sequÃªncia
0:24
676,6 mil visualizaÃ§Ãµes",https://pbs.twimg.com/profile_images/1108437982032396290/6ZJy7OOd_mini.jpg,,,
Water Law,@Quymic,2021-01-19T03:20:43.000Z,"Deus, que seja sÃ³ uma gripe e nÃ£o corona, apesar de ja ter vacina eu n qro pegar msmo assim",,https://pbs.twimg.com/media/EsEG6WdXYAAqkir?format=jpg&name=small,,,
Vacina jÃ¡,@ForaBol02299326,2021-01-19T03:20:43.000Z,"SerÃ¡ que esse Sr consegue dormir tranquilamente, sabendo que sua irresponsabilidade matou milhares de pessoas?
#QueremosImpeachment","Citar Tweet
UOL NotÃ­cias
@UOLNoticias
 Â· 6 h
Nova ofensiva prÃ³-impeachment de Bolsonaro inclui Haddad, AmoÃªdo, Vem pra Rua e MBL http://zpr.io/HQsRW",https://pbs.twimg.com/profile_images/1145769146996723712/a2YGX3rT_mini.png,,,
VANESSA HERNANDES,@vanyhernandes,2021-01-19T03:20:42.000Z,Dada a largada da vacina ,"Citar Tweet
Coronavirus Brasil
@CoronavirusBra1
 Â· 23 h
O nosso painel foi reativado e agora conta com o nÃºmero de pessoas vacinadas no paÃ­s. 

NÃºmeros atualizados conforme os dados das 'Secretarias Estaduais' https://coronavirusbra1.github.io
Mostrar esta sequÃªncia",https://pbs.twimg.com/profile_images/1292863160999911425/3wugXiJC_mini.jpg,,,1
"Li |
Vacina! JÃ¡!",@LigiaSpears,2021-01-19T03:20:41.000Z,#nortepelonorte,"Citar Tweet
#NosAssumimos a bronca
@beadasmakes
 Â· 16 min
CHEGOU O MOMENTO
preciso de um caminhÃ£o AGORA, alguÃ©m garante? 

oia o tanto de coisa!",https://pbs.twimg.com/profile_images/1347038060446441475/QA2oudOF_mini.jpg,,1,1
abacate vacilona,@ashxvegemite,2021-01-19T03:20:32.000Z,"kkkkkkkk os cara tÃ£o achando que Ã© tomar a vacina e acabou. a gente vai ter que aguentar essas regras chatas por um bom tempo ainda, usar mÃ¡scara, tudo","Citar Tweet
korra a dobradora de lombra
@marveuzinha
 Â· 16 h
minha gente que delÃ­rio de ter Carnaval Ã© esse q vcs tÃ£o, a vacinaÃ§Ã£o vai durar meses carai tÃ¡s na disney Ã©",https://pbs.twimg.com/profile_images/1339351069407793157/BreSvteC_mini.jpg,,1,1
Pedroo,@PedroFerr15,2021-01-19T03:20:29.000Z,"Em resposta a 
@AlvarengaVivian","NÃ£o vai durar mto tempo nÃ£o minha Cpx, vacina esta aÃ­ jÃ¡ kkkkkk",https://abs-0.twimg.com/emoji/v2/svg/1f62d.svg,1,,1
benvenudes,@_anabenvenuti,2021-01-19T03:20:26.000Z,ate a vacina saiu e nosso beijo nÃ£o â€” vai ter q sair entÃ£o,"_anabenvenuti
CuriousCat is a Q&A social network that allows you to connect with your followers and know new people.
curiouscat.qa",https://pbs.twimg.com/card_img/1350270130597584896/cC6paoBA?format=jpg&name=240x240,,,
leticia,@leticiasbfr,2021-01-19T03:20:26.000Z,Projeto de leo dias agora acha que tem que ter prioridade em vacina eh mole,"Citar Tweet
Abelismo
@EiDuduzinho
 Â· 8 h
E a Rainha Matos que se OFERECEU ao Governo de SÃ£o Paulo pra furar a fila e tomar a vacina antes de todo mundo por ser â€œuma das maiores blogueiras do paÃ­sâ€? Recebeu um nÃ£o, obviamente, mas Ã© de uma cara de pau e falta de senso chocantes! Em que mundo essa gente vive?
Mostrar esta sequÃªncia",https://pbs.twimg.com/profile_images/1315742545603854336/zqI3itm0_mini.jpg,,,
"Denise Garrett, MD - VACINA JÃ",@dogarrett,2021-01-19T03:20:26.000Z,"Em resposta a 
@wasimvacinas","Aw... q abraÃ§o gostoso q senti aqui agora.  Vou atÃ© dormir melhor! Qto Ã  colaboraÃ§Ãµes, jÃ¡ estamos comeÃ§ando bem e teremos c certeza mtas oportunidades.  A luta Ã© longa e estamos juntos!!!  ",https://abs-0.twimg.com/emoji/v2/svg/1f4aa-1f3fd.svg,,,2
,@jergilicious,2021-01-19T03:20:24.000Z,"""'Vacina do Brasil'? Relembre vezes em que Bolsonaro criticou Coronavac""","EstadÃ£o
@Estadao
'Vacina do Brasil'? Relembre vezes em que Bolsonaro criticou Coronavac",https://pbs.twimg.com/media/EeNU2orWAAEp7T_?format=jpg&name=small,,,
X-MendesZ,@Mendes_BBMP,2021-01-19T03:20:19.000Z,"Em resposta a 
@PATRlOTAS",E a vacina de Oxford ? ,https://abs-0.twimg.com/emoji/v2/svg/1f914.svg,,,
cat | wandavision,@millsbrave,2021-01-19T03:20:13.000Z,"Em resposta a 
@pedrinhasquad","euuu

#KPOP
 #followtrick #follotrick #followtrick #follo4follo #follotrick #AFazenda13  #BBB21 #bbtvi #kpoptwitter
 ygona army bts vacina blink exposed bolsonaro grÃ¡vida duda anitta bbb blackpink sorteio the show gabigol corinthians",https://abs.twimg.com/hashflags/KPOPTwitter2020_red/KPOPTwitter2020_red.png,,,1
vacina chinesa,@AugustusAlvius,2021-01-19T03:20:13.000Z,"HistÃ³ria com certeza farÃ¡, a terceira guerra mundial por exemplo...","Citar Tweet
Folha Mundo
@folha_mundo
 Â· 18 min
Kamala Harris vai fazer histÃ³ria, assim como sua famÃ­lia 'grande e misturada' https://www1.folha.uol.com.br/mundo/2021/01/kamala-harris-vai-fazer-historia-assim-como-sua-familia-grande-e-misturada.shtml?utm_source=twitter&utm_medium=social&utm_campaign=twfolhaâ€¦",https://pbs.twimg.com/profile_images/1932550173/nv_twiiter_mundo_mini.jpg,,,
Maria Margarida,@MariahMargarida,2021-01-19T03:20:12.000Z,"Em resposta a 
@JoeBiden","Sou brasileira. Meu aniversÃ¡rio Ã© hoje. E meu melhor presente para 2021 estÃ¡ sendo 
@JoeBiden
 presidente, e a chegada da vacina ",https://abs-0.twimg.com/emoji/v2/svg/1f495.svg,,,
vince ESPERANDO A PICADA DA VACINA,@_vinceecniv,2021-01-19T03:20:08.000Z,to triste tchau,"Citar Tweet
nandaáŸ¹
@chxradise
 Â· 11 h
cause you said          now i drive alone 
forever                        past your street
Mostrar esta sequÃªncia",https://pbs.twimg.com/profile_images/1350414258278969345/jKBwRSDb_mini.jpg,,,
SMAUGusto,@carolinhis,2021-01-19T03:20:02.000Z,MINAS GERAIS TEM VACINA! ALELUIA!,"Citar Tweet
Romeu Zema
@RomeuZema
 Â· 1 h
Os primeiros herÃ³is vacinados em Minas Gerais.
Profissionais da Rede PÃºblica de SaÃºde do Estado! ",https://pbs.twimg.com/profile_images/1337407169881395213/MZZSeB4q_mini.jpg,,,2
Julia âš˜,@CScochy,2021-01-19T03:19:56.000Z,"Em resposta a 
@helderbarbalho","Porque os detentos sÃ£o  prioridades 
 pra tomar vacina?",https://abs-0.twimg.com/emoji/v2/svg/1f914.svg,,,
Neo RS,@neoaivan,2021-01-19T03:19:55.000Z,Saindo com meus amigos depois da vacina...,"Citar Tweet
Gators Daily
@GatorsDaily
 Â· 2 h
when u forget ur gator outside
0:12
25,8 mil visualizaÃ§Ãµes",https://pbs.twimg.com/profile_images/1185213289590120452/yX-rWH9I_mini.jpg,,,
"Li |
Vacina! JÃ¡!",@LigiaSpears,2021-01-19T03:19:49.000Z,#SOSAMAZONAS,"Citar Tweet
#NosAssumimos a bronca
@beadasmakes
 Â· 17 min
CHEGOU O MOMENTO
preciso de um caminhÃ£o AGORA, alguÃ©m garante? 

oia o tanto de coisa!",https://pbs.twimg.com/profile_images/1347038060446441475/QA2oudOF_mini.jpg,,,
